,link,companyName,locate,job,today,post
0,https://www.seek.com.au/job/59806189?type=promoted,Adjusting to Health Pty Ltd,"Bonnyrigg, Sydney NSW",Medical Administration (Healthcare & Medical),2023-01-22,2023-01-22
1,https://www.seek.com.au/job/59806008?type=promoted,DR Kerry Callan,"Miranda, Sydney NSW",Medical Administration (Healthcare & Medical),2023-01-22,2023-01-22
2,https://www.seek.com.au/job/59805988?type=standard,Allbreeds Boarding Kennels,"Lyndhurst, Melbourne VIC","Veterinary Services & Animal Welfare (Farming, Animals & Conservation)",2023-01-22,2023-01-22
3,https://www.seek.com.au/job/59806014?type=standard,Collab Teams,"Mudgeeraba, Gold Coast QLD",Administrative Assistants (Administration & Office Support),2023-01-22,2023-01-22
4,https://www.seek.com.au/job/59791839?type=standout,Chris O'Brien Lifehouse,"Camperdown, Sydney NSW",Medical Administration (Healthcare & Medical),2023-01-22,2023-01-20
5,https://www.seek.com.au/job/59798365?type=standard,HomeCaring Pty Ltd,"Parramatta, Sydney NSW",Administrative Assistants (Administration & Office Support),2023-01-22,2023-01-20
6,https://www.seek.com.au/job/59806172?type=standard,FASE Traders PTY Ltd,"Meadowbrook, Brisbane QLD",Administrative Assistants (Administration & Office Support),2023-01-22,2023-01-22
7,https://www.seek.com.au/job/59803129?type=standard,Private Advertiser,Melbourne VIC,Student Services (Education & Training),2023-01-22,2023-01-20
8,https://www.seek.com.au/job/59799385?type=standard,IAP2 Australasia,Sydney NSW,Administrative Assistants (Administration & Office Support),2023-01-22,2023-01-20
9,https://www.seek.com.au/job/59778411?type=standard,Top Office Group Pty Ltd,Brisbane QLD,Administrative Assistants (Administration & Office Support),2023-01-22,2023-01-19
10,https://www.seek.com.au/job/59804965?type=standard,Anne McDonald Centre,"Caulfield, Melbourne VIC",Administrative Assistants (Administration & Office Support),2023-01-22,2023-01-21
11,https://www.seek.com.au/job/59805385?type=standout,Department of Justice and Community Safety,Melbourne VIC,Administrative Assistants (Administration & Office Support) • Government - State (Government & Defence),2023-01-22,2023-01-22
12,https://www.seek.com.au/job/59802067?type=standard,Allambie Vet,"Allambie Heights, Sydney NSW",Receptionists (Administration & Office Support),2023-01-22,2023-01-20
13,https://www.seek.com.au/job/59805686?type=standout,Felix Young Australia,"Richmond, Melbourne VIC",Waiting Staff (Hospitality & Tourism),2023-01-22,2023-01-22
14,https://www.seek.com.au/job/59801599?type=standard,The Foot and Ankle Clinic of Australia,"Gregory Hills, Sydney NSW",Administrative Assistants (Administration & Office Support),2023-01-22,2023-01-20
15,https://www.seek.com.au/job/59790265?type=standout,Blacktown City Council,"Blacktown, Sydney NSW",Administrative Assistants (Administration & Office Support) • Government - Local (Government & Defence),2023-01-22,2023-01-20
16,https://www.seek.com.au/job/59790241?type=standout,Carbar Autos,Melbourne VIC,Customer Service - Call Centre (Call Centre & Customer Service),2023-01-22,2023-01-20
17,https://www.seek.com.au/job/59793750?type=standout,Maroondah City Council,"Ringwood, Melbourne VIC",Customer Service - Customer Facing (Call Centre & Customer Service) • Government - Local (Government & Defence),2023-01-22,2023-01-20
18,https://www.seek.com.au/job/59801736?type=standard,Mecca Recruitment Group,Melbourne VIC,Customer Service - Call Centre (Call Centre & Customer Service),2023-01-22,2023-01-20
19,https://www.seek.com.au/job/59628286?type=standard,Private Advertiser,"Bayside & Eastern Suburbs, Brisbane QLD",Administrative Assistants (Administration & Office Support),2023-01-22,2023-01-20
20,https://www.seek.com.au/job/59798668?type=standard,Natures Goodness Australia Pty Ltd,"Smeaton Grange, Sydney NSW",Receptionists (Administration & Office Support),2023-01-22,2023-01-20
21,https://www.seek.com.au/job/59805878?type=standout,Macquarie University,"North Ryde, Sydney NSW",Student Services (Education & Training),2023-01-22,2023-01-22
22,https://www.seek.com.au/job/59806189?type=promoted,Adjusting to Health Pty Ltd,"Bonnyrigg, Sydney NSW",Medical Administration (Healthcare & Medical),2023-01-22,2023-01-22
23,https://www.seek.com.au/job/59806036?type=promoted,Bus Stop Sales & Service,"Rocklea, Brisbane QLD",General/Business Unit Manager (CEO & General Management),2023-01-22,2023-01-22
24,https://www.seek.com.au/job/59805988?type=standard,Allbreeds Boarding Kennels,"Lyndhurst, Melbourne VIC","Veterinary Services & Animal Welfare (Farming, Animals & Conservation)",2023-01-22,2023-01-22
25,https://www.seek.com.au/job/59806014?type=standard,Collab Teams,"Mudgeeraba, Gold Coast QLD",Administrative Assistants (Administration & Office Support),2023-01-22,2023-01-22
26,https://www.seek.com.au/job/59791839?type=standout,Chris O'Brien Lifehouse,"Camperdown, Sydney NSW",Medical Administration (Healthcare & Medical),2023-01-22,2023-01-20
27,https://www.seek.com.au/job/59798365?type=standard,HomeCaring Pty Ltd,"Parramatta, Sydney NSW",Administrative Assistants (Administration & Office Support),2023-01-22,2023-01-20
28,https://www.seek.com.au/job/59806172?type=standard,FASE Traders PTY Ltd,"Meadowbrook, Brisbane QLD",Administrative Assistants (Administration & Office Support),2023-01-22,2023-01-22
29,https://www.seek.com.au/job/59803129?type=standard,Private Advertiser,Melbourne VIC,Student Services (Education & Training),2023-01-22,2023-01-20
30,https://www.seek.com.au/job/59799385?type=standard,IAP2 Australasia,Sydney NSW,Administrative Assistants (Administration & Office Support),2023-01-22,2023-01-20
31,https://www.seek.com.au/job/59778411?type=standard,Top Office Group Pty Ltd,Brisbane QLD,Administrative Assistants (Administration & Office Support),2023-01-22,2023-01-19
32,https://www.seek.com.au/job/59804965?type=standard,Anne McDonald Centre,"Caulfield, Melbourne VIC",Administrative Assistants (Administration & Office Support),2023-01-22,2023-01-21
33,https://www.seek.com.au/job/59805385?type=standout,Department of Justice and Community Safety,Melbourne VIC,Administrative Assistants (Administration & Office Support) • Government - State (Government & Defence),2023-01-22,2023-01-22
34,https://www.seek.com.au/job/59802067?type=standard,Allambie Vet,"Allambie Heights, Sydney NSW",Receptionists (Administration & Office Support),2023-01-22,2023-01-20
35,https://www.seek.com.au/job/59805686?type=standout,Felix Young Australia,"Richmond, Melbourne VIC",Waiting Staff (Hospitality & Tourism),2023-01-22,2023-01-22
36,https://www.seek.com.au/job/59801599?type=standard,The Foot and Ankle Clinic of Australia,"Gregory Hills, Sydney NSW",Administrative Assistants (Administration & Office Support),2023-01-22,2023-01-20
37,https://www.seek.com.au/job/59790265?type=standout,Blacktown City Council,"Blacktown, Sydney NSW",Administrative Assistants (Administration & Office Support) • Government - Local (Government & Defence),2023-01-22,2023-01-20
38,https://www.seek.com.au/job/59790241?type=standout,Carbar Autos,Melbourne VIC,Customer Service - Call Centre (Call Centre & Customer Service),2023-01-22,2023-01-20
39,https://www.seek.com.au/job/59793750?type=standout,Maroondah City Council,"Ringwood, Melbourne VIC",Customer Service - Customer Facing (Call Centre & Customer Service) • Government - Local (Government & Defence),2023-01-22,2023-01-20
40,https://www.seek.com.au/job/59801736?type=standard,Mecca Recruitment Group,Melbourne VIC,Customer Service - Call Centre (Call Centre & Customer Service),2023-01-22,2023-01-20
41,https://www.seek.com.au/job/59628286?type=standard,Private Advertiser,"Bayside & Eastern Suburbs, Brisbane QLD",Administrative Assistants (Administration & Office Support),2023-01-22,2023-01-20
42,https://www.seek.com.au/job/59798668?type=standard,Natures Goodness Australia Pty Ltd,"Smeaton Grange, Sydney NSW",Receptionists (Administration & Office Support),2023-01-22,2023-01-20
43,https://www.seek.com.au/job/59805878?type=standout,Macquarie University,"North Ryde, Sydney NSW",Student Services (Education & Training),2023-01-22,2023-01-22
44,https://www.seek.com.au/job/59806008?type=promoted,DR Kerry Callan,"Miranda, Sydney NSW",Medical Administration (Healthcare & Medical),2023-01-22,2023-01-22
45,https://www.seek.com.au/job/59806251?type=promoted,HYPA Group,"Richmond, Melbourne VIC",Retail Assistants (Retail & Consumer Products),2023-01-22,2023-01-22
46,https://www.seek.com.au/job/59801726?type=standard,Beaumont People,"Ultimo, Sydney NSW",Receptionists (Administration & Office Support),2023-01-22,2023-01-20
47,https://www.seek.com.au/job/59780747?type=standout,Dr Boom Communications,"Gladesville, Sydney NSW",Administrative Assistants (Administration & Office Support),2023-01-22,2023-01-19
48,https://www.seek.com.au/job/59767139?type=standout,Slade Group,"Banksmeadow, Sydney NSW","Veterinary Services & Animal Welfare (Farming, Animals & Conservation)",2023-01-22,2023-01-18
49,https://www.seek.com.au/job/59769364?type=standard,Wellington Park Kennels,"Lysterfield, Melbourne VIC",Receptionists (Administration & Office Support),2023-01-22,2023-01-19
50,https://www.seek.com.au/job/59755128?type=standout,Private Advertiser,"Fortitude Valley, Brisbane QLD",Bar & Beverage Staff (Hospitality & Tourism),2023-01-22,2023-01-17
51,https://www.seek.com.au/job/59797366?type=standout,Ingham Institute,"Liverpool, Sydney NSW",Receptionists (Administration & Office Support),2023-01-22,2023-01-20
52,https://www.seek.com.au/job/59805026?type=standard,RC and Associates,"Greenslopes, Brisbane QLD",Administrative Assistants (Administration & Office Support),2023-01-22,2023-01-22
53,https://www.seek.com.au/job/59786507?type=standard,Mint My Desk,"Ultimo, Sydney NSW",Other (Retail & Consumer Products),2023-01-22,2023-01-19
54,https://www.seek.com.au/job/59779154?type=standout,The University of Sydney,Sydney NSW,Administrative Assistants (Administration & Office Support),2023-01-22,2023-01-19
55,https://www.seek.com.au/job/59803167?type=standard,John Pearcy Audiology Pty Ltd,"Carina, Brisbane QLD",Receptionists (Administration & Office Support),2023-01-22,2023-01-20
56,https://www.seek.com.au/job/59805993?type=standard,Tallpac Pty Ltd,"Ipswich, Brisbane QLD",Administrative Assistants (Administration & Office Support),2023-01-22,2023-01-22
57,https://www.seek.com.au/job/59805364?type=standout,CBRE,"North Sydney, Sydney NSW",Receptionists (Administration & Office Support),2023-01-22,2023-01-22
58,https://www.seek.com.au/job/59805386?type=standout,Department of Education and Training,Melbourne VIC,Administrative Assistants (Administration & Office Support) • Government - State (Government & Defence),2023-01-22,2023-01-22
59,https://www.seek.com.au/job/59796737?type=standard,Tangy Direct Pty Ltd,Sydney NSW,Retail Assistants (Retail & Consumer Products),2023-01-22,2023-01-20
60,https://www.seek.com.au/job/59790100?type=standard,Lawson Elliott Recruitment,"Five Dock, Sydney NSW",Administrative Assistants (Administration & Office Support),2023-01-22,2023-01-20
61,https://www.seek.com.au/job/59633176?type=standout,Taylored Sales Group,"West Perth, Perth WA",Retail Assistants (Retail & Consumer Products),2023-01-22,2023-01-22
62,https://www.seek.com.au/job/59802555?type=standard,Private Advertiser,"Willowbank, Brisbane QLD",Front Office & Guest Services (Hospitality & Tourism),2023-01-22,2023-01-20
63,https://www.seek.com.au/job/59804316?type=standout,Enfini PTY LTD,Brisbane QLD,Retail Assistants (Retail & Consumer Products),2023-01-22,2023-01-21
64,https://www.seek.com.au/job/59801228?type=standout,Cura Day Hospitals Group,"Newtown, Sydney NSW",Receptionists (Administration & Office Support),2023-01-22,2023-01-20
65,https://www.seek.com.au/job/59788635?type=standard,Central Coast Local Health District,"Gosford, Gosford & Central Coast NSW",Administrative Assistants (Administration & Office Support),2023-01-22,2023-01-20
